[
    {
        "ID": "1",
       "Name": "Eurasian Collared-Dove",
        "Type": "Dove"
    },
    {
        "ID": "2",
        "Name": "Bald Eagle",
        "Type": "Hawk"
    },
    {
        "ID": "3",
        "Name": "Cooper's Hawk",
        "Type": "Hawk"
    },
    {
        "ID": "4",
       "Name": "Four",
        "Type": "Dove"
    },
    {
        "ID": "5",
        "Name": "Five",
        "Type": "Hawk"
    },
    {
        "ID": "6",
        "Name": "Six",
        "Type": "Hawk"
    },
    {
        "ID": "7",
       "Name": "Seven",
        "Type": "Dove"
    },
    {
        "ID": "8",
        "Name": "Eight",
        "Type": "Hawk"
    },
    {
        "ID": "9",
        "Name": "Nine",
        "Type": "Hawk"
    },
    {
        "ID": "10",
       "Name": "Ten",
        "Type": "Dove"
    },
    {
        "ID": "11",
        "Name": "Eleven",
        "Type": "Hawk"
    },
    {
        "ID": "12",
        "Name": "Twelve",
        "Type": "Hawk"
    }
    ]
    